"Year","Month","Year_Month","flow_mm","Ca_flux","Mg_flux","K_flux","Na_flux","Al_Ferron_flux","TMAl_flux","OMAl_flux","Al_ICP_flux","NH4_flux","SO4_flux","NO3_flux","Cl_flux","PO4_flux","DOC_flux","TDN_flux","DON_flux","DIC_flux","SiO2_flux","Mn_flux","Fe_flux","F_flux","H_flux","pH_volwt","SpecCond_volwt","ANC_volwt"
1995,"06","1995-06",22.033,244.5869,74.11305,36.66835,171.4196,-888.88,-888.88,-888.88,-888.88,4.4066,1056.3735,4.60885,90.7224,0,339.83485,-888.88,22.03725,-888.88,1147.076,-888.88,-888.88,-888.88,0.7383,5.47,14.86,2.88
1995,"07","1995-07",7.863,90.26435,33.84945,12.2329,92.57175,-888.88,-888.88,-888.88,-888.88,1.5726,396.1103,0.7863,32.74175,0,161.20995,-888.88,6.3592,-888.88,532.174,-888.88,-888.88,-888.88,0.0709,6.05,15.64,25.13
1995,"08","1995-08",85.837,906.56325,301.3937,109.9313,700.0216,-888.88,-888.88,-888.88,-888.88,17.17525,4034.4219,8.5837,292.8214,0,1962.75725,-888.88,85.74555,-888.88,4648.4065,-888.88,-888.88,-888.88,3.6536,5.37,14.9,-2.87
1995,"09","1995-09",4.743,55.5785,22.01475,8.2551,63.77545,-888.88,-888.88,-888.88,-888.88,1.32555,244.105,0.4743,20.7017,0,71.06135,-888.88,2.83125,-888.88,354.946,-888.88,-888.88,-888.88,0.035,6.13,16.38,33.17
1995,"10","1995-10",207.093,2077.98785,639.1655,469.20465,1431.49415,-888.88,-888.88,-888.88,-888.88,33.0316,9192.41805,28.09115,1225.66195,0,4463.2337,-888.88,198.56905,-888.88,9932.3195,-888.88,-888.88,-888.88,11.7185,5.25,14.08,0.17
1995,"11","1995-11",162.41,1580.1565,427.36755,283.0078,1010.5856,-888.88,-888.88,-888.88,-888.88,24.0543,6935.81655,187.6424,1015.6323,0,3445.98275,-888.88,183.851,-888.88,6978.876,-888.88,-888.88,-888.88,11.0212,5.17,13.84,-4.97
1995,"12","1995-12",15.075,168.72635,58.2848,25.6275,134.54495,-888.88,-888.88,-888.88,-888.88,2.7578,677.05655,42.2428,75.574,0,214.3377,-888.88,12.0639,-888.88,813.148,-888.88,-888.88,-888.88,0.2377,5.8,14.09,14.61
1996,"01","1996-01",166.93,1756.9631,558.6888,284.063,1271.41735,-888.88,-888.88,-888.88,-888.88,16.8324,6925.0211,1564.90735,972.159,0,2714.51325,-888.88,189.78985,-888.88,7535.267,-888.88,-888.88,-888.88,10.2344,5.21,14.82,-1.19
1996,"02","1996-02",80.076,856.9581,278.7308,140.0507,632.3431,-888.88,-888.88,-888.88,-888.88,8.0076,3408.05695,573.42545,468.4409,0,1173.8565,-888.88,112.1619,-888.88,3810.386,-888.88,-888.88,-888.88,3.7162,5.33,14.65,0.56
1996,"03","1996-03",30.203,329.20915,107.39645,53.45565,244.07525,-888.88,-888.88,-888.88,-888.88,3.0203,1301.9548,169.10375,176.2687,0,420.78025,-888.88,30.63875,-888.88,1542.906,-888.88,-888.88,-888.88,0.7502,5.6,14.39,3.89
1996,"04","1996-04",280.898,2493.79695,710.11065,492.48075,1648.4259,-888.88,-888.88,-888.88,-888.88,28.0898,10941.63755,2216.5306,1471.7587,0,6048.28325,-888.88,243.73675,-888.88,9337.9065,-888.88,-888.88,-888.88,25.0299,5.05,14.69,-1.88
1996,"05","1996-05",269.813,2160.1366,572.143,422.52485,1378.28955,-888.88,-888.88,-888.88,-888.88,38.23485,10178.4495,960.46875,1126.0718,0,5510.4871,-888.88,202.1495,-888.88,8133.6815,-888.88,-888.88,-888.88,25.324,5.03,13.22,-5.97
1996,"06","1996-06",65.365,632.65395,183.10035,101.1287,473.0457,-888.88,-888.88,-888.88,-888.88,9.8681,2772.98135,6.5365,248.27855,0,1121.30265,-888.88,50.3759,321.808255929,2952.3285,-888.88,-888.88,-888.88,4.6549,5.15,13.25,-7.86
1996,"07","1996-07",166.051,1487.02315,396.22805,176.01545,1056.25075,-888.88,-888.88,-888.88,-888.88,16.6051,6707.42705,16.6051,449.3543,0,3531.55485,-888.88,147.55805,1144.784628284,7003.9775,-888.88,-888.88,-888.88,10.4349,5.2,13.12,-1.94
1996,"08","1996-08",7.598,77.8435,24.1895,9.3849,68.8872,-888.88,-888.88,-888.88,-888.88,0.7598,340.96705,0.7598,24.5716,0,127.85135,-888.88,6.0948,53.392174175125,428.834,-888.88,-888.88,-888.88,0.1599,5.68,14.24,15.44
1996,"09","1996-09",1.929,21.6716,8.43415,3.25355,28.7738,-888.88,-888.88,-888.88,-888.88,0.27965,98.2521,0.1929,9.0047,0,29.74125,-888.88,1.42005,19.54099999075,150.0445,-888.88,-888.88,-888.88,0.0095,6.31,17.16,33.76
1996,"10","1996-10",86.909,753.94615,221.19455,419.76555,524.26275,-888.88,-888.88,-888.88,-888.88,8.9315,3416.14095,26.3972,524.2081,5.9021,3119.76965,-888.88,127.1064,496.43902639225,3458.68,-888.88,-888.88,-888.88,10.1215,4.93,14.73,-8.82
1996,"11","1996-11",94.514,916.79395,274.07675,189.53965,656.32035,-888.88,-888.88,-888.88,-888.88,10.20225,3927.93005,29.70905,544.17205,0,1818.03795,-888.88,70.30075,529.47677547075,4282.231,-888.88,-888.88,-888.88,4.1372,5.36,13.31,-6.73
1996,"12","1996-12",158.507,1391.8436,388.46265,299.1471,931.67695,-888.88,-888.88,-888.88,-888.88,31.7014,5871.49655,547.01615,717.04665,0,3935.1369,-888.88,143.9835,897.1857011805,5603.644,-888.88,-888.88,-888.88,13.5541,5.07,13.24,-9.47
1997,"01","1997-01",27.71,280.45395,87.0573,44.29335,204.3481,-888.88,-888.88,-888.88,-888.88,4.8185,1128.6331,89.13725,116.1261,0,384.5682,-888.88,18.14845,189.069433934,1225.071,-888.88,-888.88,-888.88,1.04,5.43,13.05,3.95
1997,"02","1997-02",27.555,288.91715,96.8196,46.2519,217.4702,-888.88,-888.88,-888.88,-888.88,3.07225,1137.75405,104.40045,116.05935,0,342.0395,-888.88,15.7488,193.267090636,1288.9085,-888.88,-888.88,-888.88,0.8186,5.53,13.54,15.46
1997,"03","1997-03",51.808,522.80015,165.74915,85.4554,376.2976,-888.88,-888.88,-888.88,-888.88,7.0193,2114.13685,224.34425,215.62545,0,586.21305,-888.88,13.7109,311.9087862105,2244.841,-888.88,-888.88,-888.88,2.038,5.41,13.33,10.68
1997,"04","1997-04",184.811,1637.52305,455.9744,264.1491,1116.67215,-888.88,-888.88,-888.88,-888.88,20.1457,7036.379,963.4112,636.5654,0,3128.36315,-888.88,101.725,1575.2970347235,6724.165,-888.88,-888.88,-888.88,14.2022,5.11,13.02,9.85
1997,"05","1997-05",282.883,2229.911,605.16445,394.21555,1433.1985,-888.88,-888.88,-888.88,-888.88,28.2883,10374.3856,914.76965,675.55465,0,5216.3959,-888.88,195.47445,1882.10510591925,9245.5515,-888.88,-888.88,-888.88,23.8284,5.07,12.56,4.95
1997,"06","1997-06",28.482,275.1315,89.48625,52.3659,225.82605,-888.88,-888.88,-888.88,-888.88,9.3866,1197.20515,3.62865,83.91325,0,477.41865,-888.88,10.50945,162.68141783,1397.1425,-888.88,-888.88,-888.88,0.4813,5.77,13.19,10.46
1997,"07","1997-07",72.396,717.4168,227.10155,108.24025,587.038,-888.88,-888.88,-888.88,-888.88,13.67845,2978.58165,13.3375,214.6272,0,1269.046,-888.88,5.4273,508.44453115175,3936.147,-888.88,-888.88,-888.88,1.3423,5.73,13.48,12.18
1997,"08","1997-08",15.841,164.5408,55.0852,23.1748,160.35665,-888.88,-888.88,-888.88,-888.88,1.8199,700.18355,1.3383,50.2818,0,282.34455,-888.88,0.0131,121.95310957375,981.447,-888.88,-888.88,-888.88,0.1462,6.03,14.15,20.87
1997,"09","1997-09",14.844,160.8409,56.0554,26.74145,146.8068,-888.88,-888.88,-888.88,-888.88,2.9039,636.9716,0,51.8705,0,207.58625,-888.88,12.3854,133.39168805325,901.792,-888.88,-888.88,-888.88,0.113,6.12,14.1,23.01
1997,"10","1997-10",22.614,236.2515,85.3339,60.24005,204.57845,-888.88,-888.88,-888.88,-888.88,7.493,971.7096,2.5046,78.3226,0,478.4298,-888.88,36.8692,167.95617440825,1261.4935,-888.88,-888.88,-888.88,0.3412,5.82,13.8,16.21
1997,"11","1997-11",107.715,985.36805,294.9259,217.8165,707.92945,-888.88,-888.88,-888.88,-888.88,11.84245,4357.53185,70.67145,424.29635,0,2890.0677,-888.88,215.6807,675.61391517925,4970.6905,-888.88,-888.88,-888.88,6.1768,5.24,13.31,-5.51
1997,"12","1997-12",15.988,183.41125,63.8064,23.2413,145.6159,-888.88,-888.88,-888.88,-888.88,2.04845,691.503,29.29525,57.69045,0,209.2646,-888.88,16.4112,119.358881341,909.154,-888.88,-888.88,-888.88,0.127,6.1,13.77,22.83
1998,"01","1998-01",79.108,774.48805,242.319,146.83515,512.4712,-888.88,-888.88,-888.88,-888.88,7.9108,2983.43405,656.4413,253.5774,3.72895,1576.04265,-888.88,252.1871,485.07011258275,3215.88,-888.88,-888.88,-888.88,3.638,5.34,13.4,5.79
1998,"02","1998-02",36.585,410.7746,130.54305,57.4784,294.8373,-888.88,-888.88,-888.88,-888.88,3.6585,1534.92295,130.2858,128.4505,0,520.06515,-888.88,40.55055,256.71076566075,1922.469,-888.88,-888.88,-888.88,0.7313,5.7,13.29,16.14
1998,"03","1998-03",180.583,1718.513,524.7258,288.01105,1116.2692,-888.88,-888.88,-888.88,-888.88,33.3678,6740.04495,1577.31795,527.4337,0,2784.5597,-888.88,289.71165,943.5614719995,7323.575,-888.88,-888.88,-888.88,9.7663,5.27,13.4,3.17
1998,"04","1998-04",192.963,1664.0739,472.9593,293.5354,1036.3174,-888.88,-888.88,-888.88,-888.88,26.6651,7104.33,1386.8678,512.2524,0,3212.9371,-888.88,271.0465,883.9268329185,7281.946,-888.88,-888.88,-888.88,15.0519,5.11,13.5,-9.3
1998,"05","1998-05",72.59,679.0462,194.50785,111.4432,472.17485,-888.88,-888.88,-888.88,-888.88,7.259,2897.2065,77.9323,223.488,0,1366.7041,-888.88,81.41575,485.86537082425,3458.4975,-888.88,-888.88,-888.88,2.4712,5.47,12.78,7.1
1998,"06","1998-06",210.381,1872.16895,550.5731,331.14985,1293.0554,-888.88,-888.88,-888.88,-888.88,21.0381,7962.99375,21.0381,475.22355,0,5278.9946,-888.88,253.96665,1116.4547695595,9584.931,-888.88,-888.88,-888.88,11.7023,5.25,12.76,7.73
1998,"07","1998-07",59.769,576.39375,161.4475,71.89745,391.52295,-888.88,-888.88,-888.88,-888.88,5.9769,2304.23915,12.0263,134.9329,0,1360.34725,-888.88,67.70615,317.9037913985,3006.6265,-888.88,-888.88,-888.88,1.9293,5.49,12.69,8.88
1998,"08","1998-08",10.667,116.66175,38.2339,16.0511,112.4023,-888.88,-888.88,-888.88,-888.88,1.0667,456.41475,2.54545,34.5742,0,198.6109,-888.88,21.4878,83.1292892615,716.254,-888.88,-888.88,-888.88,0.0893,6.08,14.78,27.93
1998,"09","1998-09",15.523,170.4514,61.8237,30.511,163.94775,-888.88,-888.88,-888.88,-888.88,2.00365,696.73545,2.455,59.73555,0,295.5039,-888.88,30.2962,113.01537263575,1029.275,-888.88,-888.88,-888.88,0.118,6.12,15.02,30.42
1998,"10","1998-10",81.971,814.2753,259.3452,168.8739,627.22215,-888.88,-888.88,-888.88,-888.88,8.1971,3488.8201,8.1971,285.24055,0,1763.3889,-888.88,162.4153,451.509458089,4539.962,-888.88,-888.88,-888.88,1.5822,5.71,12.88,14.6
1998,"11","1998-11",64.954,637.15985,202.9903,88.26095,505.2554,-888.88,-888.88,-888.88,-888.88,6.4954,2656.9639,141.14765,232.70915,0,1179.89085,-888.88,134.0904,388.5420852175,3510.4545,-888.88,-888.88,-888.88,1.3607,5.68,14.79,11.87
1998,"12","1998-12",81.002,787.90915,241.1611,112.2239,570.9875,-888.88,-888.88,-888.88,-888.88,10.1521,3252.3599,423.7633,292.5901,0,1532.5651,-888.88,168.0467,405.28983222,4095.9765,-888.88,-888.88,-888.88,3.1923,5.4,13.01,9.92
1999,"01","1999-01",89.642,948.10225,281.791,126.85965,646.7828,-888.88,-888.88,-888.88,-888.88,9.71025,3356.5873,824.6024,300.591,0,1801.87275,-888.88,197.21145,804.271648683,3998.6345,-888.88,-888.88,-888.88,3.8913,5.36,13.27,7.4
1999,"02","1999-02",27.253,304.3085,97.2247,46.0941,214.90275,-888.88,-888.88,-888.88,-888.88,5.74975,1069.14545,236.2601,99.3533,0,456.0574,-888.88,58.3223,170.8988461025,1342.429,-888.88,-888.88,-888.88,0.4602,5.77,13.21,11.23
1999,"03","1999-03",102.553,1050.87895,311.4285,178.8163,705.0836,-888.88,-888.88,-888.88,-888.88,18.9453,3731.8293,1064.57355,452.68525,0,1859.7197,-888.88,204.24815,604.42863358925,3970.119,-888.88,-888.88,-888.88,4.0103,5.41,13.02,6.06
1999,"04","1999-04",191.617,1921.63065,515.24965,248.6994,1217.0589,-888.88,-888.88,-888.88,-888.88,23.2167,7030.62465,1797.51145,762.66795,0,3388.1255,-888.88,362.00955,1162.900805606,7608.9625,-888.88,-888.88,-888.88,13.5505,5.15,13.08,-2.64
1999,"05","1999-05",133.046,1207.00605,369.92365,221.0621,921.23965,-888.88,-888.88,-888.88,-888.88,22.6812,5282.3583,387.69915,499.4594,0,2405.0168,-888.88,299.77025,609.16378925375,5838.06,-888.88,-888.88,-888.88,6.1531,5.33,12.7,-0.28
1999,"06","1999-06",10.444,105.93595,35.67195,18.2203,97.2681,-888.88,-888.88,-888.88,-888.88,1.0444,446.60115,8.7704,42.8854,0,200.6465,-888.88,26.9693,72.11560521325,575.835,-888.88,-888.88,-888.88,0.1636,5.81,14.45,17.73
1999,"07","1999-07",9.141,95.56545,36.47755,15.9914,109.9449,-888.88,-888.88,-888.88,-888.88,0.95755,406.9407,9.80235,34.9896,0.05695,174.79205,-888.88,12.8801,90.8904139455,649.5385,-888.88,-888.88,-888.88,0.0736,6.09,16.38,33.35
1999,"08","1999-08",2.608,28.8795,12.49225,5.0516,38.07665,-888.88,-888.88,-888.88,-888.88,0.2644,117.92675,2.41905,10.6877,0.0034,48.3594,-888.88,3.6562,27.52781418325,196.5195,-888.88,-888.88,-888.88,0.0159,6.21,16.79,43.95
1999,"09","1999-09",158.87,1658.34815,605.4356,238.84385,1101.1219,-888.88,-888.88,-888.88,-888.88,18.1041,6489.5521,20.25735,521.5224,28.1467,3746.90935,-888.88,215.0703,1050.59889528025,8679.626,-888.88,-888.88,-888.88,4.0808,5.59,13.7,21.99
1999,"10","1999-10",83.345,786.57495,241.3828,130.9254,520.4561,-888.88,-888.88,-888.88,-888.88,9.017,3264.4837,11.68765,328.9366,0,1827.1437,-888.88,112.63995,622.02713034625,4196.7615,-888.88,-888.88,-888.88,3.2454,5.41,12.64,1.91
1999,"11","1999-11",101.202,968.70835,287.0188,128.956,721.1472,-888.88,-888.88,-888.88,-888.88,10.1202,3936.8272,223.6237,464.0534,0,1891.5933,-888.88,135.5088,665.09154722175,4918.1375,-888.88,-888.88,-888.88,3.5696,5.45,12.63,8.01
1999,"12","1999-12",37.487,368.9682,110.8379,46.7356,299.5117,-888.88,-888.88,-888.88,-888.88,3.7487,1502.96115,102.06255,172.131,0,586.5728,-888.88,47.55535,241.751779172,1966.9,-888.88,-888.88,-888.88,0.8231,5.66,12.93,14.31
2000,"01","2000-01",28.023,296.93445,99.91715,40.3782,240.7375,-888.88,-888.88,-888.88,-888.88,2.93015,1135.9881,178.3054,123.91955,0,358.1397,-888.88,43.3694,223.30007037475,1496.807,-888.88,-888.88,-888.88,0.3531,5.9,13.79,19.88
2000,"02","2000-02",22.336,264.2943,92.70475,44.29105,172.76385,-888.88,-888.88,-888.88,-888.88,4.0631,875.687,319.78995,106.1384,0,361.65795,-888.88,11.5278,320.1945579265,1058.628,-888.88,-888.88,-888.88,0.6213,5.56,15.12,17.94
2000,"03","2000-03",116.459,1186.6863,356.117,171.8845,786.2794,-888.88,-888.88,-888.88,-888.88,12.0811,4305.09865,1645.1074,537.12275,0,1716.2844,-888.88,46.4173,960.652978115,5269.3765,-888.88,-888.88,-888.88,6.0659,5.28,14.19,0.85
2000,"04","2000-04",338.437,3060.38535,814.2964,643.26005,1781.6561,-888.88,-888.88,-888.88,-888.88,59.0267,11271.26205,4586.01865,1414.2563,0,7231.95215,-888.88,214.83215,3532.6662286055,12233.1215,-888.88,-888.88,-888.88,36.2774,4.97,14.27,-11.24
2000,"05","2000-05",144.016,1242.41075,347.44245,262.70545,845.49485,-888.88,-888.88,-888.88,-888.88,14.4016,5541.8582,430.5745,550.1968,0,2592.83445,-888.88,81.03215,782.5520062495,5552.124,-888.88,-888.88,-888.88,8.8643,5.21,12.6,-4.46
2000,"06","2000-06",22.976,216.47455,72.532,41.45165,190.62305,-888.88,-888.88,-888.88,-888.88,2.2976,953.25835,8.15825,86.04645,0,367.0079,-888.88,17.5864,121.34858839425,1214.525,-888.88,-888.88,-888.88,0.4209,5.74,13.1,12.82
2000,"07","2000-07",10.035,99.9264,37.8521,16.31645,104.83765,-888.88,-888.88,-888.88,-888.88,1.0035,439.60025,1.0035,36.31545,0,182.173,-888.88,7.6575,68.20177198575,624.875,-888.88,-888.88,-888.88,0.0817,6.09,14.6,27.21
2000,"08","2000-08",36.278,377.21885,127.7285,48.9551,315.6088,-888.88,-888.88,-888.88,-888.88,3.6278,1528.71525,7.2813,126.79375,0,593.75055,-888.88,37.57125,212.529852337,2020.8415,-888.88,-888.88,-888.88,0.3447,6.02,13.76,20.43
2000,"09","2000-09",29.729,314.81285,108.06295,35.2867,291.03825,-888.88,-888.88,-888.88,-888.88,2.9729,1293.2637,4.37425,103.0991,0,477.8527,-888.88,29.9795,179.4973881645,1884.2105,-888.88,-888.88,-888.88,0.2507,6.07,14.22,22.06
2000,"10","2000-10",40.722,409.8148,159.201,104.58105,368.34295,-888.88,-888.88,-888.88,-888.88,4.0722,1731.5763,4.08685,157.4027,0,726.63795,-888.88,36.8088,303.9132038785,2324.4195,-888.88,-888.88,-888.88,0.3265,6.1,13.86,23.56
2000,"11","2000-11",62.156,598.6824,200.2282,86.345,481.11495,-888.88,-888.88,-888.88,-888.88,6.2156,2538.13645,40.34145,247.03645,0,1001.4875,-888.88,61.03185,332.3193334055,3186.5505,-888.88,-888.88,-888.88,1.0948,5.75,12.83,11.73
2000,"12","2000-12",108.246,1029.67075,294.0088,206.4354,764.7725,-888.88,-888.88,-888.88,-888.88,13.6481,3916.2313,290.8729,392.7173,0,2925.1341,-888.88,209.9835,1190.88083958675,5150.0335,-888.88,-888.88,-888.88,7.2695,5.17,13.84,-8.57
2001,"01","2001-01",13.467,144.47595,46.69585,21.79855,130.2305,-888.88,-888.88,-888.88,-888.88,3.8871,553.02345,53.0596,55.61285,0,199.7168,-888.88,8.47035,112.1693672855,821.772,-888.88,-888.88,-888.88,0.108,6.1,14.15,25.65
2001,"02","2001-02",9.837,120.24655,42.9592,18.7064,103.9143,-888.88,-888.88,-888.88,-888.88,1.66755,417.63885,66.8905,38.469,0,123.8752,-888.88,3.2953,86.7501705405,631.118,-888.88,-888.88,-888.88,0.0543,6.26,15.03,32.87
2001,"03","2001-03",8.951,110.636,42.72435,17.47255,98.6546,-888.88,-888.88,-888.88,-888.88,1.7461,391.5935,51.9056,34.2021,0.1883,106.21715,-888.88,0.4869,87.55701954175,585.6355,-888.88,-888.88,-888.88,0.0418,6.33,15.83,42.1
2001,"04","2001-04",246.915,2376.5227,706.84375,389.2987,1607.3562,-888.88,-888.88,-888.88,-888.88,24.6915,8643.0785,2285.9803,754.7586,0,6173.27275,-888.88,414.3731,2944.1917052825,10566.8395,-888.88,-888.88,-888.88,16.9824,5.16,14.21,-9.13
2001,"05","2001-05",131.33,1065.59385,292.0214,201.7422,733.6047,-888.88,-888.88,-888.88,-888.88,17.89725,4771.60755,795.4384,378.8637,0,3201.0551,-888.88,138.78795,747.26667072725,5022.5475,-888.88,-888.88,-888.88,9.1477,5.16,13.44,-6.22
2001,"06","2001-06",80.494,706.5348,189.4205,92.36185,534.16045,-888.88,-888.88,-888.88,-888.88,8.0494,2967.4211,50.62685,248.98365,0,2037.4564,-888.88,64.28945,880.858104205,3635.909,-888.88,-888.88,-888.88,3.9741,5.31,12.66,-7.11
2001,"07","2001-07",7.882,86.2685,33.2448,12.89285,94.83555,-888.88,-888.88,-888.88,-888.88,0.7882,351.83185,3.70225,28.40105,0,128.74085,-888.88,5.4918,68.465476784,567.366,-888.88,-888.88,-888.88,0.0325,6.39,15.99,36.23
2001,"08","2001-08",0.797,10.1007,3.83745,1.31265,12.7916,-888.88,-888.88,-888.88,-888.88,0.0797,37.05975,1.07865,3.3344,0,12.72505,-888.88,0.7851,8.2070986835,68.131,-888.88,-888.88,-888.88,0.0019,6.61,19.1,59.74
2001,"09","2001-09",17.653,182.50015,73.52025,36.61675,203.2857,-888.88,-888.88,-888.88,-888.88,1.7653,736.1709,1.84975,77.7654,0,416.17395,-888.88,19.70805,140.4765249365,1047.5715,-888.88,-888.88,-888.88,0.1175,6.18,15.5,29.39
2001,"10","2001-10",21.101,224.21845,95.14035,89.4738,217.9919,-888.88,-888.88,-888.88,-888.88,2.1101,899.41615,2.1101,101.94845,0.598,569.37115,-888.88,18.644625,172.4103292185,1320.187,-888.88,-888.88,-888.88,0.1416,6.17,15.69,33.12
2001,"11","2001-11",45.035,460.52,152.43085,77.6005,361.61205,-888.88,-888.88,-888.88,-888.88,4.5035,1842.11315,24.68145,238.52855,0,916.15735,-888.88,30.8645,261.5659727695,2335.6015,-888.88,-888.88,-888.88,0.7692,5.77,13.7,12.27
2001,"12","2001-12",47.421,471.5797,149.60375,66.11955,370.93315,-888.88,-888.88,-888.88,-888.88,4.99505,1901.38235,23.1304,253.0429,0,856.4373,-888.88,32.98725,279.412739997,2414.8175,-888.88,-888.88,-888.88,0.7966,5.77,13.42,11.36
2002,"01","2002-01",14.643,169.54405,57.38945,21.40555,144.34365,-888.88,-888.88,-888.88,-888.88,1.61515,623.9912,26.33385,65.36655,0,196.4227,-888.88,10.31095,138.18017322375,888.4945,-888.88,-888.88,-888.88,0.098,6.17,14.69,28.05
2002,"02","2002-02",33.02,358.8494,117.20035,47.02725,276.3626,-888.88,-888.88,-888.88,-888.88,3.302,1343.2053,136.4436,157.9907,0,473.2612,-888.88,33.7818,225.67203227675,1648.304,-888.88,-888.88,-888.88,0.4335,5.88,13.97,15.77
2002,"03","2002-03",77.085,761.06885,235.63125,109.445,571.81525,-888.88,-888.88,-888.88,-888.88,7.7085,3031.1944,407.03425,397.5607,0,1138.01285,-888.88,56.87765,458.37413059275,3565.5895,-888.88,-888.88,-888.88,2.5943,5.47,13.64,7.82
2002,"04","2002-04",313.52,2643.12375,786.58425,599.47285,1801.3046,-888.88,-888.88,-888.88,-888.88,31.352,11467.0976,2145.4776,1286.26565,0,7763.83215,-888.88,621.64485,1526.2180344855,11503.1275,-888.88,-888.88,-888.88,27.3019,5.06,14.03,-13.01
2002,"05","2002-05",112.013,952.606,282.9617,171.29545,723.77405,-888.88,-888.88,-888.88,-888.88,11.2013,4358.6239,99.88115,402.0203,0,2099.5626,-888.88,97.8332,512.043251859,4760.756,-888.88,-888.88,-888.88,4.2349,5.42,12.08,5.03
2002,"06","2002-06",59.732,551.28455,166.361,89.8156,446.208,-888.88,-888.88,-888.88,-888.88,5.9732,2437.15985,5.9732,197.3528,0,1102.5884,-888.88,54.8037,294.03721595825,2947.8755,-888.88,-888.88,-888.88,1.1824,5.7,12.64,11.5
2002,"07","2002-07",5.257,54.9285,19.0306,7.9863,60.01555,-888.88,-888.88,-888.88,-888.88,0.5257,233.9574,0.592,20.17645,0,88.7682,-888.88,4.87845,44.86927233025,369.6575,-888.88,-888.88,-888.88,0.0337,6.19,15.65,29.5
2002,"08","2002-08",0.581,7.136,2.62065,0.8914,9.61155,-888.88,-888.88,-888.88,-888.88,0.0581,28.2319,0.1394,2.57705,0,8.8548,-888.88,0.68075,8.08584612425,51.4905,-888.88,-888.88,-888.88,0.0017,6.52,18.93,57
2002,"09","2002-09",4.388,45.83635,18.06455,12.299,61.51675,-888.88,-888.88,-888.88,-888.88,0.4388,193.3677,0.56445,19.29935,0.16975,115.07775,-888.88,3.3901,47.42608583075,315.012,-888.88,-888.88,-888.88,0.0216,6.31,16.35,41.98
2002,"10","2002-10",35.531,355.98255,133.3287,63.8849,304.0641,-888.88,-888.88,-888.88,-888.88,3.5531,1510.99805,4.7553,189.5901,0,756.86585,-888.88,19.57545,233.37850622825,1922.423,-888.88,-888.88,-888.88,0.4265,5.92,13.83,16.52
2002,"11","2002-11",116.978,1014.9803,313.3415,182.92765,792.7163,-888.88,-888.88,-888.88,-888.88,11.6978,4531.18265,94.84195,577.9257,0,2488.6922,-888.88,80.21215,606.78269887775,5179.199,-888.88,-888.88,-888.88,4.8741,5.38,13.06,6.39
2002,"12","2002-12",27.018,262.51465,90.5036,39.26375,223.39275,-888.88,-888.88,-888.88,-888.88,2.7018,1101.77055,31.444,114.99305,0,442.7978,-888.88,13.01395,171.9947434285,1409.169,-888.88,-888.88,-888.88,0.3975,5.83,13.64,16.1
2003,"01","2003-01",16.752,174.4104,61.02465,24.6175,157.7556,-888.88,-888.88,-888.88,-888.88,1.6752,699.61165,25.94505,70.68875,0,240.89435,-888.88,7.75075,129.95962205225,946.8585,-888.88,-888.88,-888.88,0.1509,6.05,14.16,22.99
2003,"02","2003-02",6.31,74.68765,28.4893,11.5424,71.2135,-888.88,-888.88,-888.88,-888.88,0.631,281.37895,20.35435,26.91795,0,80.3437,-888.88,3.2386,64.021351284,421.3605,-888.88,-888.88,-888.88,0.035,6.26,16.14,38.34
2003,"03","2003-03",100.252,1052.69105,346.23135,187.80135,789.5019,-888.88,-888.88,-888.88,-888.88,10.0252,3732.0608,1595.7431,503.8413,0,1574.319,-888.88,26.7629,592.195097147,4637.748,-888.88,-888.88,-888.88,4.1536,5.38,14.95,9.95
2003,"04","2003-04",192.063,1646.9573,501.3773,303.55865,1183.61415,-888.88,-888.88,-888.88,-888.88,19.2063,6999.7287,1813.1467,785.41275,0,3725.5433,-888.88,75.9205,861.30755535,7542.455,-888.88,-888.88,-888.88,12.054,5.2,13.35,-1.18
2003,"05","2003-05",126.577,1037.3403,311.8538,204.42015,782.49605,-888.88,-888.88,-888.88,-888.88,12.6577,5007.4532,361.2006,461.31945,0,2617.00255,-888.88,114.822,523.930206568,5056.554,-888.88,-888.88,-888.88,6.7097,5.28,12.54,0.84
2003,"06","2003-06",36.198,331.0448,105.0739,60.64745,273.91055,-888.88,-888.88,-888.88,-888.88,3.6198,1463.67415,5.6898,132.2028,0,655.08545,-888.88,26.52605,176.27785946275,1808.9805,-888.88,-888.88,-888.88,0.6456,5.75,12.61,10.82
2003,"07","2003-07",6.261,68.8846,25.53975,10.628,81.7324,-888.88,-888.88,-888.88,-888.88,0.6261,274.9156,3.021,23.93245,0,116.054,-888.88,2.90445,66.03003595425,458.378,-888.88,-888.88,-888.88,0.0277,6.35,16.11,38.91
2003,"08","2003-08",136.551,1084.2075,292.7797,178.1957,760.1593,-888.88,-888.88,-888.88,-888.88,13.6551,4847.909,22.2388,290.4923,0,5561.7786,-888.88,144.8355,645.6462760965,5931.49,-888.88,-888.88,-888.88,11.6423,5.07,13.51,-9.6
2003,"09","2003-09",94.265,863.77685,274.05565,109.0051,755.2785,-888.88,-888.88,-888.88,-888.88,9.4265,3707.0442,9.4265,326.555,0,2089.14555,-888.88,72.5962,518.3167956155,5214.4895,-888.88,-888.88,-888.88,2.41,5.59,12.85,13.44
2003,"10","2003-10",180.732,1510.383,467.5413,294.2941,1242.46505,-888.88,-888.88,-888.88,-888.88,18.0732,6802.5814,134.2244,749.26585,0,4563.0877,-888.88,277.63125,918.678092656,8481.5565,-888.88,-888.88,-888.88,7.2884,5.39,12.62,7.28
2003,"11","2003-11",149.303,1235.88865,373.5728,169.6225,991.1933,-888.88,-888.88,-888.88,-888.88,14.9303,5520.1304,90.4425,689.09995,0,2957.05555,-888.88,87.98235,671.1200034625,6637.858,-888.88,-888.88,-888.88,5.1157,5.47,12.05,1.72
2003,"12","2003-12",170.533,1388.97795,418.52605,182.5971,1115.4087,-888.88,-888.88,-888.88,-888.88,17.0533,6015.16595,453.236175,801.8692,0,3034.4578,-888.88,84.9752,921.8957596295,7192.634,-888.88,-888.88,-888.88,6.2631,5.44,11.74,1.79
2004,"01","2004-01",30.721,268.43635,89.8119,38.40525,222.76185,-888.88,-888.88,-888.88,-888.88,3.0721,1172.2686,80.9916,138.2605,0,509.62415,-888.88,15.7993,205.018799796,1425.559,-888.88,-888.88,-888.88,0.8642,5.55,12.42,5.97
2004,"02","2004-02",6.021,66.0616,26.7449,9.08055,64.6095,-888.88,-888.88,-888.88,-888.88,0.6021,258.16195,17.2498,25.506,0,83.0187,-888.88,2.89435,62.2563127915,388.0255,-888.88,-888.88,-888.88,0.0356,6.23,14.82,29.22
2004,"03","2004-03",48.35,482.07605,171.22055,76.4414,379.1074,-888.88,-888.88,-888.88,-888.88,4.835,1774.5623,572.43885,230.55855,0,938.3852,-888.88,5.14165,308.755258778,2189.649,-888.88,-888.88,-888.88,1.502,5.51,13.99,9.59
2004,"04","2004-04",227.61,1869.042,583.22085,304.5356,1400.94155,-888.88,-888.88,-888.88,-888.88,22.761,7717.7062,2225.37735,955.69835,0,5054.51385,-888.88,38.7008,1138.3688725115,8418.9955,-888.88,-888.88,-888.88,12.6272,5.26,12.91,-0.12
2004,"05","2004-05",109.2,863.07985,273.349,159.6946,683.68125,-888.88,-888.88,-888.88,-888.88,10.92,3993.7741,134.5357,402.42795,0,2546.7969,-888.88,65.1478,486.15231719775,4466.9195,-888.88,-888.88,-888.88,4.5673,5.38,11.92,5.15
2004,"06","2004-06",25.647,220.82855,73.61095,34.0791,195.3222,-888.88,-888.88,-888.88,-888.88,2.5647,1001.8126,5.5342,93.59985,0,465.39745,-888.88,12.5531,138.39661414675,1257.8015,-888.88,-888.88,-888.88,0.5012,5.71,12.23,11
2004,"07","2004-07",35.833,351.5233,124.0602,48.69145,345.7179,-888.88,-888.88,-888.88,-888.88,3.5833,1467.92655,6.0414,125.1551,0,687.66845,-888.88,18.68875,227.29533919925,2142.998,-888.88,-888.88,-888.88,0.4385,5.91,13.57,21.2
2004,"08","2004-08",60.321,604.0167,208.611,79.0104,558.2198,-888.88,-888.88,-888.88,-888.88,6.0321,2428.15345,6.07015,198.61855,0,1089.67925,-888.88,34.88445,445.45974211275,3547.254,-888.88,-888.88,-888.88,0.4576,6.12,12.92,21.88
2004,"09","2004-09",65.15,603.0666,193.1351,72.4461,534.28225,-888.88,-888.88,-888.88,-888.88,6.515,2505.55415,6.515,206.58265,0,1201.96885,-888.88,42.8424,381.8124780955,3507.621,-888.88,-888.88,-888.88,0.7693,5.93,12.09,15.05
2004,"10","2004-10",21.375,208.4115,80.9715,53.6008,205.2874,-888.88,-888.88,-888.88,-888.88,2.1375,854.249,2.1375,84.8827,0,379.5667,-888.88,10.7007,170.5598914495,1240.6,-888.88,-888.88,-888.88,0.1506,6.15,13.45,25.18
2004,"11","2004-11",112.291,986.0918,329.2047,173.20275,834.1113,-888.88,-888.88,-888.88,-888.88,11.2291,4070.8346,516.04485,473.2087,0,2146.5176,-888.88,60.67405,620.62338724575,5240.454,-888.88,-888.88,-888.88,4.231,5.42,12.63,9.93
2004,"12","2004-12",109.036,966.2784,307.68205,141.2913,792.4509,-888.88,-888.88,-888.88,-888.88,10.9036,3858.7429,662.5007,462.33855,0,1903.11465,-888.88,50.3933,694.95655102775,5025.164,-888.88,-888.88,-888.88,3.2484,5.53,12.22,8.91
2005,"01","2005-01",34.658,334.44505,113.0426,47.8258,276.3708,-888.88,-888.88,-888.88,-888.88,3.4658,1290.61135,214.1652,142.5776,0,479.07775,-888.88,16.3634,240.15844006875,1742.6175,-888.88,-888.88,-888.88,0.4812,5.86,12.57,13.22
2005,"02","2005-02",11.744,124.1279,46.6007,18.3858,112.9785,-888.88,-888.88,-888.88,-888.88,1.1744,459.4374,49.0988,47.4771,0,142.5707,-888.88,6.8879,109.749240672,687.119,-888.88,-888.88,-888.88,0.0857,6.14,13.62,27.06
2005,"03","2005-03",18.347,198.203,74.30335,32.86835,174.54175,-888.88,-888.88,-888.88,-888.88,1.8347,700.83035,140.42585,77.03855,0,210.8206,-888.88,8.25575,184.56711441225,1021.8595,-888.88,-888.88,-888.88,0.3686,5.7,14.25,27.96
2005,"04","2005-04",376.505,2947.1701,938.98185,721.6502,2130.39325,-888.88,-888.88,-888.88,-888.88,37.6505,11853.4348,4831.3886,1523.58455,0,5989.7505,-888.88,80.52645,1921.39477868425,12582.803,-888.88,-888.88,-888.88,30.7756,5.09,13.35,-5.99
2005,"05","2005-05",86.425,683.90445,212.05745,141.96865,534.19895,-888.88,-888.88,-888.88,-888.88,8.6425,2992.63315,304.08625,322.0241,0,1249.8961,-888.88,47.382,394.23783260325,3245.833,-888.88,-888.88,-888.88,3.5109,5.39,11.77,3.88
2005,"06","2005-06",111.695,896.08105,281.0687,167.1337,763.73285,-888.88,-888.88,-888.88,-888.88,11.1695,4100.971,33.99325,392.31755,0,1794.40145,-888.88,88.6626,504.39557248675,4674.3455,-888.88,-888.88,-888.88,3.3786,5.52,11.4,9.35
2005,"07","2005-07",39.378,349.9868,112.48815,50.1422,326.39045,-888.88,-888.88,-888.88,-888.88,3.9378,1576.39715,3.9378,137.06765,0,585.8424,-888.88,33.05445,245.5740874365,2014.424,-888.88,-888.88,-888.88,0.5985,5.82,12.3,15.45
2005,"08","2005-08",63.372,582.0686,212.46935,96.83855,596.69875,-888.88,-888.88,-888.88,-888.88,6.3372,2456.7579,6.3372,221.34195,0,1237.2191,-888.88,69.8236,478.98250142825,3420.3425,-888.88,-888.88,-888.88,0.6199,6.01,13.06,20.58
2005,"09","2005-09",42.94,402.6628,148.06405,67.38345,410.27485,-888.88,-888.88,-888.88,-888.88,4.294,1688.34125,4.294,154.02825,0,786.3651,-888.88,43.2075,332.67240115975,2388.924,-888.88,-888.88,-888.88,0.3758,6.06,13.07,21.96
2005,"10","2005-10",298.389,2171.67775,647.026,423.54365,1783.1694,-888.88,-888.88,-888.88,-888.88,29.8389,10176.9473,29.8389,1154.51555,0,7371.9454,-888.88,291.4578,1291.0454828375,11650.7715,-888.88,-888.88,-888.88,17.2928,5.24,11.54,-9.36
2005,"11","2005-11",139.47,1106.11675,346.7996,172.1965,920.41725,-888.88,-888.88,-888.88,-888.88,13.947,4775.27495,170.75625,522.8867,0,2433.71965,-888.88,87.1205,723.1203556035,5906.1478,-888.88,-888.88,-888.88,3.5304,5.6,11.14,7.77
2005,"12","2005-12",62.345,519.29085,169.74155,75.4216,417.5344,-888.88,-888.88,-888.88,-888.88,6.2345,2087.241,294.98595,237.29325,0,976.8486,-888.88,34.20405,351.985549635,2584.4215,-888.88,-888.88,-888.88,1.5525,5.6,11.68,7.63
2006,"01","2006-01",141.42,1159.47335,358.06805,171.26055,911.6996,-888.88,-888.88,-888.88,-888.88,14.142,4504.83505,1263.05785,522.2098,0,2140.9492,-888.88,24.3327,875.359399735,5340.2275,-888.88,-888.88,-888.88,5.6462,5.4,11.93,4.5
2006,"02","2006-02",52.579,442.3594,139.47045,65.22955,353.43465,-888.88,-888.88,-888.88,-888.88,5.2579,1698.4038,456.1241,200.2393,0,735.6637,-888.88,16.7016,324.100944241,2086.6835,-888.88,-888.88,-888.88,2.1,5.4,12.12,-7.51
2006,"03","2006-03",45.562,450.5514,160.43495,71.82095,363.2227,-888.88,-888.88,-888.88,-888.88,4.5562,1569.9265,405.00055,199.78075,0,589.29685,-888.88,16.35565,319.49749083625,2181.9,-888.88,-888.88,-888.88,0.6925,5.82,12.51,15.34
2006,"04","2006-04",128.865,1082.07245,360.4479,190.2033,826.1185,-888.88,52.4754,-888.88,-888.88,12.8865,4077.4947,1401.458,538.0156,0,2102.3081,396.43455,79.87705,577.86837759425,5057.2605,-888.88,-888.88,-888.88,5.3804,5.38,12.37,5.46
2006,"05","2006-05",257.42,1835.7109,572.46275,467.92965,1421.2082,-888.88,195.9016,-888.88,-888.88,25.742,7993.5884,1027.966,913.93275,0,5596.91325,489.6096,252.6579,1028.44565033175,9128.6095,-888.88,-888.88,-888.88,14.9569,5.24,11.49,-9.5
2006,"06","2006-06",86.142,680.29095,222.84125,158.48275,594.75315,-888.88,24.7338,-888.88,-888.88,8.6142,2900.1712,8.6142,279.9028,0,1666.6891,76.1269,70.73325,423.110775475,3845.219,-888.88,-888.88,-888.88,2.0438,5.62,11.07,8.98
2006,"07","2006-07",35.469,308.06945,106.0976,50.7125,305.3923,-888.88,4.49745,-888.88,-888.88,3.5469,1299.77945,6.6087,122.4512,0,682.51365,26.9229,24.53705,217.27119374375,1971.0305,-888.88,-888.88,-888.88,0.312,6.06,12.37,18.5
2006,"08","2006-08",6.76,64.6592,24.70165,10.2243,74.89255,-888.88,0.676,-888.88,-888.88,0.676,267.9258,0.676,26.1637,0,118.53265,5.3152,4.8657,57.320330699,443.3815,-888.88,-888.88,-888.88,0.0398,6.23,13.62,30.11
2006,"09","2006-09",4.311,42.67835,18.2118,10.00505,55.18635,-888.88,0.4311,-888.88,-888.88,0.4311,185.60955,0.4311,18.1532,0,79.7429,3.02745,2.7939,43.654284452,297.818,-888.88,-888.88,-888.88,0.0205,6.32,15.02,39.04
2006,"10","2006-10",210.579,1660.88125,564.62085,421.9922,1372.87245,-888.88,93.933,-888.88,-888.88,21.0579,6977.39305,514.0134,898.36235,0,4658.58625,258.445,141.02505,1040.680387889,8983.479,-888.88,-888.88,-888.88,7.3574,5.46,11.73,10.87
2006,"11","2006-11",157.223,1182.5366,367.66545,261.70825,932.6343,-888.88,64.72485,-888.88,-888.88,15.7223,5085.5241,575.50675,567.7754,0,3246.4772,251.2336,112.6507,690.93269566625,6425.637,-888.88,-888.88,-888.88,5.6631,5.44,11.34,5.32
2006,"12","2006-12",84.393,677.1091,224.7467,127.21835,558.34935,-888.88,29.359,-888.88,-888.88,8.4393,2784.4325,509.02205,296.40435,0,1394.9547,160.82445,43.9802,405.6889627345,3759.0455,-888.88,-888.88,-888.88,2.0996,5.6,11.75,8.02
2007,"01","2007-01",66.446,543.12955,177.48185,93.849,424.23545,-888.88,28.56665,-888.88,-888.88,6.6446,2065.3882,671.6603,208.78055,0,972.65015,196.26125,40.92525,359.22220745425,2717.29,-888.88,-888.88,-888.88,1.9097,5.54,11.97,8.03
2007,"02","2007-02",6.06,62.43435,24.5836,9.9579,61.15975,-888.88,0.606,-888.88,-888.88,0.606,232.5829,36.70455,21.7542,0,71.5958,10.96595,2.36305,54.57524242225,378.1615,-888.88,-888.88,-888.88,0.0327,6.27,14.37,30.89
2007,"03","2007-03",44.998,461.626,170.62885,74.0956,371.3079,-888.88,5.65625,-888.88,-888.88,4.4998,1515.49045,530.04155,175.0846,0,460.66275,124.15825,4.10955,332.986312565,2149.3945,-888.88,-888.88,-888.88,0.5268,5.93,13.2,21.07
2007,"04","2007-04",233.051,1778.4725,563.61945,380.50895,1197.0512,-888.88,193.9104,-888.88,-888.88,23.3051,6544.42155,3718.12205,733.96625,0,4133.1335,847.7897,14.18715,1446.48724006075,7296.058,-888.88,-888.88,-888.88,17.5664,5.12,12.76,-5.21
2007,"05","2007-05",113.367,853.5949,268.71045,171.6485,610.806,-888.88,55.56685,-888.88,-888.88,11.3367,3498.6045,717.05475,331.5028,0,2013.7819,239.0703,74.04055,585.02450065275,4012.456,-888.88,-888.88,-888.88,5.7126,5.3,11.32,-1.93
2007,"06","2007-06",22.839,202.0618,68.7349,35.6904,177.0258,-888.88,4.0928,-888.88,-888.88,2.2839,813.77935,18.74,74.91975,0,378.29005,17.68375,12.59065,133.10516207,1159.142,-888.88,-888.88,-888.88,0.2562,5.95,12.27,15.98
2007,"07","2007-07",44.973,404.23525,140.84855,62.20205,369.10395,-888.88,4.4973,-888.88,-888.88,4.4973,1337.1071,34.5039,114.8813,0,883.33245,31.5013,24.07735,277.56884830475,2438.641,-888.88,-888.88,-888.88,0.3996,6.05,12.34,19.51
2007,"08","2007-08",10.693,112.0107,41.4069,16.7097,111.49265,-888.88,1.0693,-888.88,-888.88,1.0693,439.4014,6.5467,40.2687,0,201.24035,8.5809,7.1333,113.45582150625,739.615,-888.88,-888.88,-888.88,0.0509,6.32,15.36,33.68
2007,"09","2007-09",11.001,113.19215,44.1185,19.96595,124.5852,-888.88,0.95475,-888.88,-888.88,1.1001,436.25005,1.1001,35.11205,0,217.00265,7.773,7.1971,100.854503651,725.638,-888.88,-888.88,-888.88,0.0688,6.2,14.35,33.46
2007,"10","2007-10",105.766,861.51495,304.83435,228.43905,768.94615,-888.88,25.6819,-888.88,-888.88,10.5766,3658.51515,10.5766,385.0922,0,1618.36335,58.6743,55.8445,544.1407681155,5179.6335,-888.88,-888.88,-888.88,2.3553,5.65,11.65,13.18
2007,"11","2007-11",102.893,864.5945,288.8028,134.9885,727.68585,-888.88,16.8623,-888.88,-888.88,10.2893,3557.3678,40.88875,349.91385,0,1218.6229,62.41285,48.3632,541.634641668,5036.61,-888.88,-888.88,-888.88,1.5099,5.83,11.26,12.29
2007,"12","2007-12",37.188,324.7513,109.79505,51.18785,266.1784,-888.88,9.90785,-888.88,-888.88,3.7188,1271.0212,154.73935,154.89165,0,426.6705,46.67735,10.3684,205.54086443075,1719.907,-888.88,-888.88,-888.88,0.7527,5.69,11.9,10.14
2008,"01","2008-01",79.43,688.7911,239.3666,103.51705,576.44295,-888.88,14.4628,-888.88,-888.88,7.943,2727.3359,307.44545,292.1446,0,1130.6821,113.3856,41.3364,459.5306241705,3753.8935,-888.88,-888.88,-888.88,1.5058,5.72,11.67,14.25
2008,"02","2008-02",62.596,561.1205,198.4536,83.7956,463.07765,-888.88,8.2613,-888.88,-888.88,6.2596,2190.6117,258.95395,224.838,0,807.9362,85.4189,27.07515,397.323557094,3088.6855,-888.88,-888.88,-888.88,0.8208,5.88,11.77,15.12
2008,"03","2008-03",75.02,644.68455,222.03255,106.54315,512.5804,-888.88,20.8183,-888.88,-888.88,7.502,2530.9352,420.7877,253.14415,0,1001.0562,117.658,20.41675,393.3232435865,3441.1575,-888.88,-888.88,-888.88,1.6701,5.65,11.77,11.77
2008,"04","2008-04",368.934,2600.39425,849.23625,516.5076,1889.96255,-888.88,244.1516,-888.88,-888.88,36.8934,11200.32135,2363.89275,881.7671,0,6608.5659,776.45305,216.32495,1622.98232117125,13097.589,-888.88,-888.88,-888.88,20.0441,5.26,10.9,4.4
2008,"05","2008-05",70.01,500.07525,163.0229,103.79235,374.15155,-888.88,34.7068,-888.88,-888.88,7.001,2191.1813,176.26335,156.87105,0,1254.45785,90.9307,47.05765,291.93742671525,2645.717,-888.88,-888.88,-888.88,2.857,5.39,10.45,6.48
2008,"06","2008-06",38.696,314.25415,109.6646,60.8372,269.41035,-888.88,20.38985,-888.88,-888.88,3.8696,1338.7966,3.8696,99.2133,0,761.9303,25.7677,23.6672,215.60428634675,1834.5005,-888.88,-888.88,-888.88,0.7992,5.69,11.34,13.31
2008,"07","2008-07",57.207,469.3821,149.9323,66.6775,389.8341,-888.88,25.90495,-888.88,-888.88,3.56955,1827.72725,3.56955,133.9177,0,1216.6485,48.6902,47.5735,371.448176872,2869.47355,-888.88,-888.88,-888.88,1.153,5.7,11.49,13.3
2008,"08","2008-08",209.885,1702.03085,518.4334,230.34645,1338.8928,-888.88,90.32145,-888.88,-888.88,9.4598,6490.17235,10.09435,459.4183,1.3761,4676.36065,191.71295,191.71295,1245.88133677475,10260.857,-888.88,-888.88,-888.88,4.6331,5.66,11.17,11.82
2008,"09","2008-09",52.401,457.14295,135.07095,69.79295,373.7741,-888.88,13.1747,-888.88,-888.88,0,1800.39015,1.91545,143.75225,2.1507,1115.96755,46.12505,46.12505,447.23366885625,2688.59535,-888.88,-888.88,-888.88,0.7683,5.83,10.97,17.47
2008,"10","2008-10",113.51,930.2589,276.36825,165.4649,727.48475,-888.88,42.577275,-888.88,-888.88,0.7564,3739.98035,6.5881,378.12675,3.2054,2155.96805,95.0035,91.6112,845.45313762875,5327.98515,-888.88,-888.88,-888.88,1.9967,5.75,10.56,14.16
2008,"11","2008-11",110.468,883.37985,252.96125,129.94545,671.07,-888.88,36.49565,-888.88,-888.88,5.71635,3624.6342,3.15025,390.1125,0,1615.625,83.64435,83.42275,579.05604010625,4937.79995,-888.88,-888.88,-888.88,2.4247,5.66,11.05,10.73
2008,"12","2008-12",119.733,964.3241,287.8834,126.12055,721.5118,-888.88,34.7079,-888.88,-888.88,10.30705,3868.67795,214.28495,355.07685,3.29845,1538.61615,126.0748,76.0107,663.89187355975,5005.0842,-888.88,-888.88,-888.88,2.8309,5.63,11.34,11.94
2009,"01","2009-01",24.614,207.7941,72.82405,23.04245,179.7123,-888.88,4.9456,-888.88,-888.88,1.7266,831.45715,33.62115,73.25455,1.3412,353.15175,25.4953,18.58235,160.05716172225,1225.72835,-888.88,-888.88,-888.88,0.408,5.78,11.46,15.07
2009,"02","2009-02",23.74,221.21205,82.7414,26.75945,188.06275,-888.88,2.374,-888.88,-888.88,1.66785,828.32875,72.35125,77.9396,1.31005,292.5005,32.3147,15.61185,185.73748086825,1254.1044,-888.88,-888.88,-888.88,0.1833,6.11,12.37,21.8
2009,"03","2009-03",73.831,620.38545,212.30795,74.22755,482.83815,-888.88,18.59965,-888.88,-888.88,7.3831,2401.2028,354.7087,241.81265,0.11045,1050.53035,126.32775,46.384,513.787511062,3239.5497,-888.88,-888.88,-888.88,1.5314,5.68,11.47,9.14
2009,"04","2009-04",292.059,2061.66345,648.6487,252.37075,1582.47145,-888.88,194.525525,-888.88,-888.88,16.2989,8772.6065,1309.88395,754.6996,0,5149.033,491.15055,185.33775,1788.5492376215,10711.74175,-888.88,-888.88,-888.88,12.6491,5.36,10.57,3.82
2009,"05","2009-05",109.634,794.2802,262.70125,114.9382,648.3819,-888.88,56.42235,-888.88,-888.88,1.9141,3445.98455,56.7321,281.22795,3.6497,1806.49375,88.31775,75.17395,482.35114855725,4642.04705,-888.88,-888.88,-888.88,2.9027,5.58,10.35,8.57
2009,"06","2009-06",87.045,663.2346,219.5965,84.93385,557.81425,-888.88,18.8758,-888.88,-888.88,1.8358,2770.96255,0,211.5217,6.74295,1570.1259,43.67785,50.46755,420.6536545195,4068.93045,-888.88,-888.88,-888.88,1.121,5.89,10.25,11
2009,"07","2009-07",123.427,944.00115,284.6627,101.24635,746.47695,-888.88,29.862,-888.88,-888.88,0,3771.20205,0,265.6507,11.01295,2519.96545,79.5247,75.68355,575.636525757,6047.8169,-888.88,-888.88,-888.88,2.1088,5.77,10.29,7.21
2009,"08","2009-08",64.175,487.44605,144.4748,41.22705,396.20565,-888.88,29.47145,-888.88,-888.88,1.3999,1945.7281,0.8361,131.28705,3.1017,1417.27945,45.3259,40.86235,267.81261155,3207.28535,-888.88,-888.88,-888.88,1.6895,5.58,10.7,1.85
2009,"09","2009-09",9.928,92.79305,33.2461,11.94615,90.3105,-888.88,0.99695,-888.88,-888.88,0.527,334.7122,0.19905,29.02165,0.73705,178.8409,5.6989,5.8278,61.349591078,661.02945,-888.88,-888.88,-888.88,0.0565,6.24,11.85,25.07
2009,"10","2009-10",126.7,996.94985,336.9904,161.09605,801.85425,-888.88,40.53535,-888.88,-888.88,1.26565,3835.4068,7.9785,360.6217,9.80705,2422.7596,90.59855,87.16965,591.24399423425,6560.474,-888.88,-888.88,-888.88,1.9127,5.82,10.34,12.4
2009,"11","2009-11",94.22,715.86725,229.94865,84.2102,556.27845,-888.88,27.5501,-888.88,-888.88,3.9566,2821.4407,5.67345,296.3088,6.2257,1745.69085,65.9456,59.51185,428.46961010325,4588.89155,-888.88,-888.88,-888.88,1.5112,5.79,9.91,10.49
2009,"12","2009-12",81.13,633.9858,205.64135,63.7233,494.84145,-888.88,21.312,-888.88,-888.88,5.2304,2438.18995,35.00785,246.32175,6.16735,1379.55365,63.64365,54.8958,391.500791797,4073.4689,-888.88,-888.88,-888.88,1.3663,5.77,10.41,9.85
2010,"01","2010-01",70.437,674.332,234.6321,110.31915,572.00825,-888.88,9.448,-888.88,-888.88,1.21755,2277.174,170.37705,262.7858,6.3503,867.4472,94.8536,54.55835,471.2487021105,3977.22545,-888.88,-888.88,-888.88,0.6365,6.04,11.7,18.14
2010,"02","2010-02",17.641,170.0279,59.31385,23.29555,143.7925,-888.88,2.14835,-888.88,-888.88,0.1916,567.1103,30.26345,54.2016,1.7641,222.85445,19.66245,12.8342,165.34789313,1055.48285,-888.88,-888.88,-888.88,0.1258,6.15,12.08,22.79
2010,"03","2010-03",142.28,1101.01425,360.59575,198.37735,864.92525,-888.88,94.31955,-888.88,-888.88,13.00875,4141.0751,621.70125,589.5003,1.7085,2404.1726,255.8681,113.89955,744.37294446925,6222.7848,-888.88,-888.88,-888.88,2.8574,5.7,10.84,7.89
2010,"04","2010-04",149.407,1065.91195,338.70235,188.7215,833.19675,-888.88,119.9459,-888.88,-888.88,7.94355,4252.25395,335.41575,537.6111,4.7247,2713.80855,212.34935,131.80125,622.68089724075,6430.5428,-888.88,-888.88,-888.88,4.1018,5.56,10.32,4.15
2010,"05","2010-05",45.511,342.7542,112.9594,60.48345,303.30185,-888.88,22.27045,-888.88,-888.88,0.49305,1404.20635,9.29045,140.3163,1.88275,745.25795,31.99095,30.03185,197.59320658725,2360.49165,-888.88,-888.88,-888.88,0.6121,5.87,10.6,10.21
2010,"06","2010-06",59.851,451.72245,153.4725,81.10945,393.94445,-888.88,31.0459,-888.88,-888.88,5.9851,1800.08425,0.6242,160.1926,2.30765,1540.77515,50.1054,50.9077,320.596090671,3076.8515,-888.88,-888.88,-888.88,1.9494,5.49,10.95,11.95
2010,"07","2010-07",49.548,408.4913,138.36305,53.7512,386.95865,-888.88,10.20365,-888.88,-888.88,4.9548,1591.345,1.9648,140.34675,2.79335,1078.68855,34.5315,36.91565,234.33195131525,2814.6157,-888.88,-888.88,-888.88,0.5192,5.98,11.67,20.74
2010,"08","2010-08",10.901,96.0917,34.88605,13.23855,97.84895,-888.88,1.30745,-888.88,-888.88,0.79685,359.8865,0.24005,36.0196,1.0557,208.7043,7.29355,7.0003,68.4442170485,719.6865,-888.88,-888.88,-888.88,0.0592,6.26,12.95,29.84
2010,"09","2010-09",45.061,414.9929,154.1667,61.2275,445.8703,-888.88,8.7018,-888.88,-888.88,2.4655,1564.1819,0,184.7342,4.5061,868.0066,27.2772,27.2138,207.6291830255,2937.876,-888.88,-888.88,-888.88,0.4327,6.02,12.69,30.93
2010,"10","2010-10",155.308,1262.7864,444.65315,212.96645,1198.0034,-888.88,34.997,-888.88,-888.88,2.60035,5001.58825,0,644.15365,9.16155,3048.667,103.8013,103.8013,634.8948555085,8639.47815,-888.88,-888.88,-888.88,1.7534,5.95,11.3,19.17
2010,"11","2010-11",78.275,594.64365,199.31585,85.36685,513.9078,-888.88,18.61795,-888.88,-888.88,3.18475,2445.8481,19.1284,315.97195,0,1338.41475,54.53915,49.79395,334.24177801875,3875.8012,-888.88,-888.88,-888.88,1.0115,5.89,11,13.09
2010,"12","2010-12",133.47,961.43215,319.4743,148.83825,766.8635,-888.88,67.2198,-888.88,-888.88,0.10975,3750.68015,561.00795,508.129,0,2737.09355,210.7637,84.7166,599.05184229175,5720.0739,-888.88,-888.88,-888.88,4.7984,5.44,11,10
2011,"01","2011-01",12.861,109.8211,40.59365,14.2842,97.64105,-888.88,1.3607,-888.88,-888.88,0.7556,425.25415,38.26055,47.5713,0.42705,168.96195,15.8877,7.1317,85.74741968275,716.2044,-888.88,-888.88,-888.88,0.0908,6.15,12.01,24.72
2011,"02","2011-02",4.181,39.46645,16.44325,5.59825,40.41075,-888.88,0.46305,-888.88,-888.88,0,150.3214,12.6861,15.6799,0.3538,54.14595,4.23545,1.29735,40.75533334375,279.59865,-888.88,-888.88,-888.88,0.0172,6.39,14.1,39.6
2011,"03","2011-03",105.67,773.92895,272.6978,163.38455,582.8181,-888.88,76.0467,-888.88,-888.88,8.5626,2724.89605,1360.05195,472.63875,0,2111.86455,346.4354,36.6543,562.41567278475,3935.1084,-888.88,-888.88,-888.88,5.0832,5.32,12.05,8.37
2011,"04","2011-04",341.908,2135.86845,719.1196,416.91925,1569.4733,-888.88,229.336,-888.88,-888.88,34.18075,8534.8314,2155.86815,1170.49285,5.12925,6617.2156,689.075,167.73925,1505.0157122825,10843.6972,-888.88,-888.88,-888.88,15.6907,5.34,10.2,-1.38
2011,"05","2011-05",147.412,887.46845,290.8211,174.0314,707.941,-888.88,72.09545,-888.88,-888.88,11.39905,3793.15555,329.78365,408.3786,10.583675,2847.2646,165.01245,97.05745,571.26056353325,5104.584,-888.88,-888.88,-888.88,5.3965,5.44,9.27,4.92
2011,"06","2011-06",22.417,160.67915,64.8663,29.47005,177.55905,-888.88,3.33415,-888.88,-888.88,0.54645,653.51145,5.8033,67.12925,2.2417,972.5478,14.85605,20.3842,130.65008301,1256.94865,-888.88,-888.88,-888.88,0.1772,6.1,11.36,21.16
2011,"07","2011-07",4.929,40.1206,15.8694,7.7363,48.3749,-888.88,0.93325,-888.88,-888.88,0.39375,157.2008,3.55135,15.5026,0.3187,116.231975,3.50505,3.253925,39.56743060875,327.73095,-888.88,-888.88,-888.88,0.0297,6.22,13.04,31.69
2011,"08","2011-08",184.68,1170.89815,377.53955,227.441,872.80765,-888.88,160.0571,-888.88,-888.88,9.77655,4407.11645,31.01555,377.8861,0,6122.345,189.7999,180.9828,595.0593960875,7809.21225,-888.88,-888.88,-888.88,7.9243,5.37,9.61,-4.3
2011,"09","2011-09",93.673,617.6034,195.19815,112.67335,454.68705,-888.88,60.786,-888.88,-888.88,9.14395,2386.8415,9.82455,204.93055,0,2449.9151,77.4181,70.1637,376.925261272,4076.41815,-888.88,-888.88,-888.88,2.4845,5.58,9.69,4.29
2011,"10","2011-10",143.466,920.13895,291.21035,179.56275,699.26825,-888.88,82.22275,-888.88,-888.88,17.51765,3658.4339,14.3466,364.04995,0,3392.55205,103.9324,90.3358,607.73530318425,6169.4754,-888.88,-888.88,-888.88,3.4629,5.62,9.49,1.84
2011,"11","2011-11",73.22,525.8655,181.00965,54.6224,471.73955,-888.88,30.8232,-888.88,-888.88,0,1968.4346,88.5898,211.46805,0,1481.0363,67.07995,45.84355,369.6992333205,3767.7037,-888.88,-888.88,-888.88,0.8323,5.94,9.92,13.62
2011,"12","2011-12",77.138,523.62355,175.19415,41.2112,496.3663,-888.88,36.33535,-888.88,-888.88,0,2055.4755,203.61345,228.3864,0,1396.32795,97.2131,50.86095,412.12207461875,3709.68605,-888.88,-888.88,-888.88,1.0099,5.88,10.14,12.23
2012,"01","2012-01",33.849,263.62005,92.7183,16.4094,236.5404,-888.88,10.4509,-888.88,-888.88,1.4598,929.0738,157.89505,93.69715,0,533.7497,52.03275,17.62145,222.38866431275,1460.734,-888.88,-888.88,-888.88,0.3482,5.99,11.5,16.29
2012,"02","2012-02",16.505,138.5928,50.97955,13.566,124.1129,-888.88,3.5537,-888.88,-888.88,1.08845,478.23875,77.4487,48.18115,0,240.10975,25.39385,8.12185,116.9099279675,928.86385,-888.88,-888.88,-888.88,0.1048,6.2,12.35,21.3
2012,"03","2012-03",154.843,1154.0078,371.97755,206.5007,875.7914,-888.88,112.48785,-888.88,-888.88,15.42205,3495.0265,2192.8896,419.52975,0,2739.4188,569.3367,75.4966,881.0463189255,6063.1245,-888.88,-888.88,-888.88,5.626,5.44,11.5,7.12
2012,"04","2012-04",71.625,504.9685,156.42095,114.1006,405.9552,-888.88,57.54645,-888.88,-888.88,5.6395,1674.1892,556.8314,221.6251,0,1716.79045,164.67375,39.13215,389.97255312675,2931.04095,-888.88,-888.88,-888.88,2.8274,5.4,10.91,6.05
2012,"05","2012-05",159.005,1121.90765,348.7685,197.27685,915.85055,-888.88,63.5419,-888.88,-888.88,4.48075,4272.60095,442.6723,460.9644,0,2747.5879,184.99575,85.60405,706.4512816335,7097.71175,-888.88,-888.88,-888.88,2.6133,5.78,10.04,7.15
2012,"06","2012-06",107.859,713.8543,235.4639,140.7008,659.36865,-888.88,65.242675,36.940925,132.480725,10.7859,3047.6514,82.62855,266.6669,0.9175,2206.28785,105.240175,85.81645,508.574912185,4231.20575,5.428875,10.7859,36.62305,2.5309,5.63,10,2.71
2012,"07","2012-07",9.48,74.83245,27.2578,13.23915,85.0527,-888.88,1.896,1.8686,7.53415,0.948,303.8112,2.29275,26.28795,0.63675,160.9048,6.95655,6.8852,65.60075745325,627.9926,0,0.948,3.7483,0.0513,6.27,12.37,26.88
2012,"08","2012-08",56.402,436.02765,150.21575,72.8991,470.68505,-888.88,11.2804,11.1003,44.44535,5.1148,1692.93105,23.62125,136.0423,2.1005,1159.8171,39.76685,37.78125,369.36274095325,3509.63105,0,5.6402,20.4093,0.5462,6.01,11.62,23.73
2012,"09","2012-09",57.305,498.7143,173.90455,73.49435,481.4746,-888.88,14.68495,9.6365,35.9314,0.0181,1831.387,6.0604,164.7599,0,983.0321,41.025675,31.5085,384.91706009175,3527.8193,0,5.7305,15.579525,0.2306,6.4,11.51,29.28
2012,"10","2012-10",141.004,966.02205,354.58925,190.57545,934.07515,-888.88,43.69735,32.92275,119.4204,2.75795,4108.3914,14.1004,467.31505,6.93775,2678.40705,77.7809,81.454,719.6930940625,7282.82185,0,14.1004,37.57925,1.3405,6.02,10.19,16.59
2012,"11","2012-11",38.306,267.13105,98.68355,49.56575,289.81095,-888.88,10.4847,7.6612,28.1106,3.1679,1062.073,11.72235,153.44245,3.1679,606.352,21.54305,21.90105,227.85265655925,2167.4522,0,3.8306,10.20755,0.2871,6.13,10.79,18.9
2012,"12","2012-12",80.664,541.6095,200.35125,97.14325,552.0688,-888.88,26.4756,16.1328,58.4227,0.994,2105.57515,312.29495,295.42755,8.0664,1174.1442,117.51125,43.501,454.70880805875,3926.2067,0,8.0664,22.72365,0.8818,5.96,10.56,14.52
2013,"01","2013-01",60.029,484.4975,175.84525,71.27555,430.9041,-888.88,20.134925,15.075175,44.723925,9.1925,1602.9863,346.339,221.05825,0.7453,891.6828,113.829725,26.858,392.95432111425,3128.2307,1.746675,6.0029,20.774325,0.558,6.03,11.59,19.25
2013,"02","2013-02",22.884,196.332,70.7741,28.24055,172.6414,-888.88,6.67405,4.8628,16.86465,1.9968,666.83855,157.1052,90.20545,0,307.5887,47.90265,10.18475,174.1130298425,1201.2429,0,2.2884,10.0696,0.2189,6.02,12.11,21.22
2013,"03","2013-03",37.978,332.5037,125.20255,50.95085,298.5802,-888.88,10.176375,6.83295,25.82195,2.2983,1136.6032,237.86985,156.42635,0,516.3942,84.754425,22.16805,317.1108152755,2045.41895,0,3.7978,11.100575,0.2502,6.18,12.39,24.51
2013,"04","2013-04",176.25,1213.81755,427.49475,193.64635,1257.07775,-888.88,131.79535,77.1793,127.75165,2.0594,4410.07605,1488.1286,781.7874,6.4959,2745.6986,449.4288,110.7214,870.2744793825,7111.2967,9.0267,17.625,71.93505,3.3628,5.72,10.5,8.14
2013,"05","2013-05",108.714,705.8965,243.4124,151.4073,697.1555,-888.88,57.85985,37.9402,83.04915,0,2801.7336,272.44245,479.00425,2.1228,1993.6765,131.63575,71.4589,473.44476072075,4806.096,8.7486,10.52345,41.58095,1.675,5.81,9.7,8.43
2013,"06","2013-06",77.134,549.1093,181.74325,98.2451,525.451,-888.88,32.93685,22.19655,71.172,1.55005,2091.46295,24.2437,336.1793,4.53955,1420.511,39.2291,59.9849,407.495559806,3822.91065,1.6238,0.2207,33.30515,0.753,6.01,10.19,13.44
2013,"07","2013-07",102.525,771.2693,260.42895,140.5706,855.36875,-888.88,52.3712,35.34415,90.9999,2.7818,2760.80815,30.7575,333.683,0.15495,1945.225,51.2625,90.5516,615.29067686875,5665.3737,1.4561,1.4561,31.6872,0.6918,6.17,10.78,19.63
2013,"08","2013-08",23.904,197.902,67.1075,32.468,218.2291,-888.88,7.69575,4.87955,18.5035,0,675.69,8.2377,76.12025,0.7129,436.00715,12.44575,17.333925,163.41223625175,1470.3548,0.09875,0.2133,11.4486,0.1272,6.27,11,25.37
2013,"09","2013-09",34.913,295.319,100.02975,50.87195,316.38255,-888.88,11.994,7.84305,29.5667,0.45875,998.0543,11.3569,101.1661,0,722.58145,21.75875,19.880625,205.475703942,2148.02225,0.86045,0.1766,10.4739,0.211,6.22,11.17,26.96
2013,"10","2013-10",17.003,149.35545,61.65805,64.41795,176.1285,-888.88,3.88755,3.81545,11.45825,0,522.0148,5.8219,58.4671,0,361.7252,8.5015,13.0772,132.14384967975,1133.5998,0.41485,0.41485,5.1009,0.0693,6.39,12.4,40.13
2013,"11","2013-11",90.418,684.4229,253.5258,160.0884,742.4262,-888.88,33.59915,24.164,59.59855,0,2474.9882,381.7211,312.37815,0,1730.1451,149.0426,70.012,588.12595975,4895.0091,2.0268,0,27.1254,0.9644,5.97,10.43,19.09
2013,"12","2013-12",47.641,373.76075,134.46705,68.82195,384.69,-888.88,15.65735,11.03645,38.9739,0.04635,1236.9915,349.3358,152.34195,0,769.55405,111.4315,31.4726,291.8141322605,2419.0548,1.50825,4.55805,14.2923,0.427,6.05,10.29,17.51
2014,"01","2014-01",72.227,579.9293,198.8995,98.93555,467.50185,-888.88,39.66905,22.08875,68.38865,2.6816,1667.8474,996.93625,204.47205,0,1131.77625,286.1432,58.5908,438.3859554875,3346.1475,4.9291,7.52365,21.6681,1.2723,5.75,10.44,10.03
2014,"02","2014-02",10.618,105.19845,39.51995,20.0629,103.713,-888.88,2.43035,1.8858,3.71025,0.57395,318.9605,80.1376,40.74625,0,134.21245,23.15945,4.3822,125.039915068,690.7694,0,0,3.1854,0.0577,6.27,12.86,37.03
2014,"03","2014-03",10.879,106.40975,42.40895,20.06005,107.73875,-888.88,2.1332,1.46645,4.4781,0.5166,322.99085,83.9695,39.04955,0,140.94605,26.2221,6.4951,114.291136933,672.61325,0,0.28505,3.2637,0.0542,6.3,13.11,40.62
2014,"04","2014-04",248.549,1887.83815,663.41955,422.1026,1620.438,-888.88,155.92105,63.35735,253.21425,11.22855,5453.03865,3813.91635,879.21805,0,4401.07635,1058.0012,205.4243,1315.59128881025,9662.3321,30.7667,0,110.2321,6.2771,5.6,9.99,8.86
2014,"05","2014-05",171.433,1143.6359,384.0485,301.82765,1004.50125,-888.88,106.60385,49.6215,210.70285,10.3996,3660.26295,1418.918,583.16345,0,3593.94835,439.5816,109.40145,717.58639840825,6429.90125,15.3349,0,51.4299,5.4572,5.5,8.93,6.18
2014,"06","2014-06",111.15,876.27875,313.51065,172.10685,866.902,-888.88,33.8165,27.56285,106.31895,1.27585,3005.42585,47.4117,382.44415,0,2067.09015,68.3942,76.60355,777.49609282425,6673.334,0,0.93245,33.345,0.8042,6.14,10.27,27.76
2014,"07","2014-07",46.448,392.053,134.8382,87.30855,361.57835,-888.88,17.3337,13.6651,53.7606,1.9081,1172.15895,13.9344,146.7212,0,1283.0277,46.04125,46.5847,386.550276213,2735.44235,2.0708,9.04995,13.9344,0.3457,6.13,10.68,35.8
2014,"08","2014-08",41.378,360.65165,129.09985,42.45295,351.5535,-888.88,10.7988,8.25845,35.7539,0.28865,1176.027,12.4134,129.85895,0,712.51135,21.9913,32.77165,346.14158465825,2593.1086,0.1447,0.86745,12.4134,0.1931,6.33,11,40.81
2014,"09","2014-09",4.493,45.0325,16.269,6.0479,51.572,-888.88,0.9437,0.49965,2.9524,0.227,143.52005,1.3479,16.3011,0,69.31805,2.2465,2.92065,44.420595822,334.4988,0.00525,0.0451,1.3479,0.0129,6.54,13.1,59.26
2014,"10","2014-10",124.856,960.4874,360.1346,173.4326,946.6361,-888.88,58.6034,43.4776,135.0272,0.3012,3291.3519,37.4568,555.5771,0.3012,2606.7032,62.428,85.0045,810.7919014605,6720.3863,5.9543,0.8452,42.3084,1.1929,6.02,10.22,27.33
2014,"11","2014-11",47.284,349.3143,120.47405,63.9744,317.0944,-888.88,17.36165,14.9789,57.1276,1.10745,1121.31625,55.77505,196.3912,2.4755,1068.6422,44.1422,36.17825,348.93033346525,2323.83055,1.97515,4.85825,14.6312,0.4027,6.07,9.77,24.41
2014,"12","2014-12",110.224,756.20525,266.31765,119.89445,675.5201,-888.88,45.19185,24.98745,115.4126,0,2681.5669,280.0846,432.0512,0,1784.614,140.78975,74.2799,610.7990472705,5123.6563,2.94265,3.87645,41.8392,1.2806,5.93,9.46,18.03
2015,"01","2015-01",40.385,309.1803,110.25625,51.9989,275.804,-888.88,11.4421,7.09155,39.10385,0.59865,1015.0236,158.5161,147.1631,0,606.6989,57.109,20.9736,264.72964962375,2058.7376,1.47795,0.2508,14.5101,0.3743,6.03,10.13,21.64
2015,"02","2015-02",13.887,127.92935,48.0594,20.77385,117.36555,-888.88,1.85685,1.4207,9.42365,0.43615,393.75995,46.17675,50.15605,0,167.24905,15.49175,4.974,115.25929567875,841.3557,0,0.32595,4.2941,0.0838,6.22,11.4,21.77
2015,"03","2015-03",8.395,85.14335,32.1306,13.6738,76.7071,-888.88,1.2145,0.8395,4.5439,0.36045,266.9056,29.524,30.22035,0,100.447,9.1926,3.1364,90.7875985015,572.21645,0,0,2.5185,0.0392,6.33,12.43,45.54
2015,"04","2015-04",193.925,1426.90995,494.6727,243.45715,1139.3257,-888.88,111.0744,62.64275,245.88735,23.2551,4388.33465,1755.0733,768.205,0,3299.8384,523.72475,108.24545,1116.49164379,8131.4004,13.9927,0,97.13525,4.8122,5.61,10.27,17.78
2015,"05","2015-05",80.532,542.9666,173.38805,101.97265,428.86335,-888.88,53.0559,30.33765,116.2976,4.4648,1871.86545,334.98615,254.5741,0,1718.18755,114.4859,37.5063,413.22926242575,3441.35725,4.8438,0.758,24.1596,2.1258,5.58,9.01,17.22
2015,"06","2015-06",139.339,984.5816,305.9267,200.80305,836.7703,-888.88,85.6653,54.8387,226.99355,7.40035,3934.26505,92.973,628.07565,0,3329.08885,98.098,94.0346,810.0299141045,6445.98375,5.6035,18.4478,61.38435,3.2111,5.64,8.69,17.74
2015,"07","2015-07",89.664,566.4263,171.14935,114.30525,554.22325,-888.88,63.00505,40.94045,121.3016,5.9717,2277.93625,26.8992,263.3991,0,2489.56965,66.7284,73.17585,522.841035486,4120.82345,5.1912,7.02135,26.8992,2.3242,5.59,9.04,15.79
2015,"08","2015-08",16.857,152.14575,52.97595,23.2114,172.11085,-888.88,3.0186,2.4181,12.2597,0.2228,486.07565,5.0571,51.66665,0,297.0499,8.4285,7.91415,128.84246499075,1153.72325,0,0,5.0571,0.0918,6.26,12.01,45.48
2015,"09","2015-09",33.961,278.7023,102.18225,50.07165,342.43375,-888.88,7.01035,5.12445,22.7637,0,996.27125,10.44375,96.2895,0,702.7625,16.9805,18.8291,328.49228073675,2122.46775,0,1.73265,10.1883,0.1418,6.38,12.1,46.13
2015,"10","2015-10",57.013,469.3729,162.4098,104.24285,496.0403,-888.88,18.01405,11.987,50.7507,0,1551.4173,17.1039,173.6959,0,1184.5929,33.01825,39.48395,459.35291920625,3069.4589,3.0171,0.5766,17.1039,0.322,6.25,11.32,35.26
2015,"11","2015-11",61.05,486.359325,152.147575,88.0832,466.6227,-888.88,18.66,12.7899,66.0733,4.0978,1546.6492,18.315,221.7315,0,1194.02595,40.79355,44.13345,379.41499249975,3147.2954,1.018175,2.410425,18.315,0.4713,6.11,10.84,25.56
2015,"12","2015-12",119.102,814.09775,270.42955,143.36475,693.90665,-888.88,49.6007,26.80815,127.59865,3.81875,2938.4123,200.2954,406.9995,0,2359.49155,135.51485,94.9449,693.842576921,5993.3689,2.98775,5.9755,35.7306,1.68,5.85,10.1,18.46
2016,"01","2016-01",62.026,396.3808,123.1524,69.4919,395.098,-888.88,39.6493,21.3625,82.738,0,1391.215,205.9543,190.1368,0,1333.4275,105.67425,57.29825,374.1875598525,2797.1872,3.1269,3.3386,18.6078,1.4581,5.63,10.15,14.39
2016,"02","2016-02",113.191,915.27815,254.6262,134.6042,923.3827,-888.88,37.79075,24.29445,105.28,6.1372,2691.35135,554.30695,497.3966,0,2009.2954,184.35585,61.0305,756.088440012,5656.69375,0,1.10875,38.8464,1.2942,5.94,10.9,20.08
2016,"03","2016-03",134.309,863.84675,274.96655,157.1371,922.29835,-888.88,61.0743,35.1815,126.0884,3.6977,2941.3671,684.04595,551.54665,0,2299.36,226.6722,71.05705,800.548192183,6059.47655,4.96405,5.93305,40.2927,2.2605,5.77,10.03,15.65
2016,"04","2016-04",92.337,568.34005,199.91205,123.83685,602.21775,-888.88,45.34055,26.64145,114.00365,0,2035.46565,405.1486,389.6613,0,1848.54455,145.26845,57.3288,512.47955688275,4007.0585,0,0,27.7011,1.6669,5.74,9.45,8.76
2016,"05","2016-05",86.143,519.7271,178.6594,90.1248,493.3821,-888.88,41.9391,21.8361,99.458,0,1970.7184,219.7487,337.3201,0,1672.5095,79.669,38.5653,416.952899093,4155.5229,0,0.8048,30.7453,1.3938,5.79,9.46,9.7
2016,"06","2016-06",33.091,203.8817,74.6947,38.5839,210.7636,-888.88,18.1996,12.1112,42.0537,0,804.9023,56.4096,145.0543,0,825.3185,29.5396,19.4964,196.025090899,1765.6389,1.8563,0.8872,9.9273,0.5031,5.82,10.16,22.2
2016,"07","2016-07",6.135,52.76665,21.17915,8.83245,60.75005,-888.88,1.3771,1.05425,4.8189,0.0116,196.2669,5.11505,25.01165,0,110.7925,3.1951,2.7033,59.25202389775,518.9733,0.1501,0.3002,3.07475,0.0241,6.41,13.85,52.31
2016,"08","2016-08",9.626,87.7542,34.2254,14.74415,92.9796,-888.88,3.39105,2.0403,9.67705,0.018,283.95425,7.4696,33.42775,0,227.99165,8.92855,9.2441,79.21227307925,665.7241,0,0.67155,6.8004,0.0481,6.3,13.19,46.77
2016,"09","2016-09",2.111,23.00375,9.3376,4.4704,25.9135,-888.88,0.3357,0.2111,1.51655,0.03905,65.62335,1.0451,9.4296,0,34.09245,1.0555,0.8608,24.54796797975,184.5262,0,0.0556,1.5385,0.0061,6.54,15.7,69.32
2016,"10","2016-10",31.819,207.25645,100.40705,93.81105,286.51285,-888.88,12.53585,7.74245,34.8385,3.62495,881.77295,9.6701,152.1541,0,855.184,37.0953,34.04205,260.618893592,1769.5928,3.10165,3.3345,10.73895,0.3257,5.99,12.44,36.91
2016,"11","2016-11",68.561,466.6613,177.34685,107.08795,425.41875,-888.88,25.75435,13.11445,69.36935,2.00385,1702.01915,24.5849,315.86365,0,1517.7593,46.62085,62.51145,410.52074810075,3400.12115,1.37115,2.44345,20.5683,0.7063,5.99,10.36,21.19
2016,"12","2016-12",69.679,514.07125,182.6831,86.84755,403.4879,-888.88,24.20245,11.0094,68.21935,3.29875,1679.45005,74.2168,280.7612,0,1283.981,55.932,52.6689,450.87112552225,3427.28285,0.9749,1.9498,20.9037,0.793,5.94,10.32,18.07
2017,"01","2017-01",36.672,289.468,102.70895,41.93675,225.70145,-888.88,9.9931,5.15285,27.89405,2.01075,954.71585,55.8052,166.3161,0,593.3637,42.2166,28.6176,257.0935009555,1926.1001,0,0,15.0356,0.3149,6.07,11.06,14.17
2017,"02","2017-02",78.242,552.77545,207.3742,91.8532,500.4791,-888.88,26.9498,12.3687,65.0035,3.37845,1895.68765,289.85665,272.60415,0,1278.5819,96.96775,40.1397,527.81935688225,3722.41685,0,0,23.4726,0.8655,5.96,10.87,24.13
2017,"03","2017-03",55.786,392.3389,137.8821,69.048,346.5099,-888.88,22.2212,10.1514,56.2801,1.6945,1304.1385,236.7534,230.193,0,952.0308,74.515,22.78,389.6305356305,2602.7452,0,0,16.7358,0.7283,5.88,10.24,18.76
2017,"04","2017-04",310.179,1656.1061,558.4486,404.10845,1681.5769,-888.88,293.8262,107.7244,516.30855,8.4007,6193.4276,1212.4201,1018.98255,0,7231.53625,453.1196,178.8136,1855.1794106855,10915.45345,12.0227,12.0227,93.0537,9.6283,5.51,8.82,9.47
2017,"05","2017-05",127.966,718.91545,227.70115,152.43705,677.08615,-888.88,94.9015,36.4139,185.7661,2.8176,2820.9205,125.9742,399.49595,0,3076.37575,100.1765,89.2043,740.52673401625,5135.3647,0,0,39.8636,2.9626,5.64,8.51,11.63
2017,"06","2017-06",61.762,420.5998,130.04925,85.8946,405.11185,-888.88,27.76105,13.2735,65.50165,0.95045,1550.60115,20.62335,203.93255,0,1284.72355,33.6443,41.96805,617.88808805625,3068.4382,0.46055,4.0849,27.4414,0.6196,6,9.6,20.75
2017,"07","2017-07",70.472,455.8475,153.90265,78.25745,442.37065,-888.88,34.90845,20.6903,84.48325,3.93425,1697.9643,40.487,207.59885,0,1721.75595,58.39005,57.93115,857.2238844615,3608.36045,3.4828,3.4828,21.5031,0.3723,6.28,9.81,24.26
2017,"08","2017-08",3.79,38.29575,13.93505,5.49885,42.946,-888.88,0.76475,0.38575,2.2039,0.1834,111.07895,2.85495,13.1538,0,64.52525,1.895,1.7709,55.6069401515,302.2669,0,0.00675,1.523,0.013,6.46,14.42,58.95
2017,"09","2017-09",6.054,58.28625,23.34945,9.43185,64.99415,-888.88,1.75965,1.0623,4.5823,0,175.29675,8.3651,21.0098,0,113.57475,3.027,2.0819,64.32361187375,431.67465,0,0.2465,1.8162,0.0195,6.49,13.88,58.99
2017,"10","2017-10",198.942,1691.0754,691.3353,594.8439,2041.40995,-888.88,142.4363,70.41105,282.98245,0,5287.00815,59.6937,892.0718,0,5523.78885,99.471,111.53035,1949.2577039525,11711.9959,10.31595,19.82205,101.38975,3.9693,5.7,13.29,42.46
2017,"11","2017-11",79.25,431.85045,148.5487,136.92705,501.6277,-888.88,65.26545,31.9387,126.7421,4.32185,1701.40495,45.5584,385.475,0,2283.3258,52.885,56.00655,446.19362337775,3273.21545,4.4789,7.1309,29.5394,1.7418,5.66,9.06,13.02
2017,"12","2017-12",39.621,298.02435,109.65145,50.7527,268.81275,-888.88,15.357,7.2136,33.3138,0.5541,1013.9409,59.53735,174.18035,0,668.49205,28.2543,21.68875,284.37628767875,2174.0376,0.313,0.626,20.65375,0.2931,6.13,10.83,25.05
2018,"01","2018-01",112.964,808.00915,298.08935,169.59295,739.3674,-888.88,58.11205,24.44575,112.603,0.1253,2751.859,516.26095,444.91425,0,1997.0433,161.6532,48.2457,834.5420288015,5787.7059,4.64305,5.89965,59.6179,1.1926,5.98,10.66,23.86
2018,"02","2018-02",56.557,408.5147,147.8812,83.0154,397.46615,-888.88,24.5839,14.1849,52.25555,3.25025,1434.03,273.39455,235.0765,0,1035.73455,92.26855,28.5927,405.517083178,2794.43135,0,2.40545,24.95755,0.5092,6.05,10.3,23.77
2018,"03","2018-03",36.415,275.39625,96.83065,51.27245,256.2078,-888.88,16.2417,9.57745,31.3581,2.51755,962.79065,142.9625,154.1371,0,618.5478,50.993,15.96625,266.7965883715,1887.81465,0,0,17.85695,0.2719,6.13,10.54,26.92
2018,"04","2018-04",226.821,1331.60985,468.87375,308.70335,1191.0992,-888.88,165.32395,80.09285,305.81885,11.16235,5065.58955,913.77635,865.64785,0,5034.9789,397.69765,171.3476,1447.84377934175,9085.35065,12.3474,15.4717,118.5282,4.6293,5.69,9.22,13.72
2018,"05","2018-05",135.879,688.41395,226.22665,186.18695,623.74545,-888.88,186.298,96.0442,213.3637,0,2698.98155,386.4052,447.426,0,3522.67,212.9468,126.629,716.179952799,4750.8051,11.5566,5.25545,40.7637,3.6844,5.57,8.35,9.22
2018,"06","2018-06",38.393,300.3327,109.37545,57.96505,304.28655,-888.88,13.12565,11.1967,35.301,0,977.00835,17.2347,137.5675,0,821.7357,19.1965,24.60255,293.21379157,2311.30915,0,0.1808,11.5179,0.2227,6.24,11.32,39
2018,"07","2018-07",90.392,651.51465,230.21365,147.8258,591.40575,-888.88,53.9096,44.1723,124.53225,13.12425,1938.45905,45.9268,394.4557,4.70905,2938.0243,141.74,121.5774,669.75127286425,4881.90295,4.5307,31.9698,27.1176,0.6325,6.16,10.71,30.36
2018,"08","2018-08",27.633,220.78,77.64525,33.10335,202.4006,-888.88,9.9656,6.9388,26.0635,4.2439,674.09145,14.0856,112.57855,1.0552,644.327,32.159,28.9597,230.83502510425,1720.12305,0,3.8838,8.2899,0.1372,6.3,11.75,38.48
2018,"09","2018-09",16.528,154.38705,59.08885,23.69235,149.48275,-888.88,4.06105,3.02665,11.269,1.24005,462.419,9.91975,63.2111,0.0998,296.0154,10.0882,7.74225,151.11930467275,1137.59735,0,0.0998,4.9584,0.0494,6.52,13.6,56.88
2018,"10","2018-10",93.661,622.1037,228.00465,123.4674,577.96375,-888.88,43.19705,30.8592,92.918,9.3661,2216.3689,39.32865,354.4962,0,2126.284,46.8305,31.83765,629.03815871275,4778.29185,5.70265,0,28.0983,0.6498,6.16,10.19,25.99
2018,"11","2018-11",130.886,758.2128,264.83905,148.11615,715.96185,-888.88,86.76805,46.8632,172.88965,8.5688,2930.47445,95.82695,505.23375,0,2986.65915,69.2074,77.63165,791.8572843775,6033.5064,8.5688,0.88625,39.2658,1.6105,5.91,9,16.8
2018,"12","2018-12",144.675,939.29155,326.51645,131.1238,799.8451,-888.88,72.11595,43.4025,163.5608,3.24805,3266.104,476.06845,474.29095,0,2788.682,153.8457,69.19885,993.7882577315,6867.1053,2.1487,0.9163,43.4025,1.471,5.99,9.83,15.3
2019,"01","2019-01",77.381,520.39315,188.0795,84.6158,456.03195,-888.88,34.8012,19.8043,81.7504,0,1778.78305,294.46045,238.0798,0,1384.66095,109.9373,45.8021,519.0749394035,3642.1254,2.6187,1.6769,23.2143,0.6979,6.04,10.22,17.6
2019,"02","2019-02",40.836,278.04895,99.99195,44.0413,226.6024,-888.88,11.7506,4.5041,46.01285,0.9762,930.0685,185.3034,127.85815,0,690.0153,61.01865,18.523125,297.40045806975,1953.02945,0.21025,3.4395,12.2508,0.3578,6.06,10.11,21.98
2019,"03","2019-03",28.977,222.68685,83.76175,36.2979,181.83175,-888.88,11.47965,6.49085,25.8123,1.4576,688.21545,121.9941,97.5982,0,445.8113,39.9211,12.84605,223.7063475235,1488.12055,0.57485,0,8.6931,0.2071,6.15,11.13,30.24
2019,"04","2019-04",382.78,1934.27985,636.68985,461.25225,1571.1561,-888.88,476.3167,200.67275,791.63795,27.2788,6114.53125,3384.9581,1205.64625,0,10631.36225,1084.10865,302.43395,2563.2835466705,11809.88585,35.28485,0,114.834,15.6542,5.39,9.03,5.78
2019,"05","2019-05",194.855,919.69455,305.4501,222.05635,906.4654,-888.88,156.4668,63.2392,300.2714,16.2363,3599.1843,657.0577,534.8978,0,4956.09645,255.0539,101.72005,1046.9399987115,6709.10495,12.08085,10.3566,58.4565,4.8389,5.6,8.1,6.58
2019,"06","2019-06",99.579,556.3367,189.1692,106.6113,575.47515,-888.88,50.27445,19.78775,106.89845,9.88575,2127.1072,40.6365,278.8468,0,2073.0652,60.9526,46.4265,545.395813179,4641.053,0,4.44455,19.62715,0.8982,6.04,8.89,18.71
2019,"07","2019-07",33.535,238.4719,86.5388,40.015,245.9907,-888.88,9.60705,6.707,34.27835,1.72955,802.98055,14.3812,102.24205,0,661.199,20.6084,16.0043,220.31638060325,1921.8032,0,0,10.52845,0.1823,6.26,10.67,34.33
2019,"08","2019-08",6.662,58.5031,22.51145,11.1546,64.78625,-888.88,2.94455,1.7472,5.7732,0.57565,185.7945,6.1618,23.15245,0,135.551,5.0054,3.0068,64.2472810155,495.65055,0.2074,0,2.41935,0.0249,6.43,13.39,53.75
2019,"09","2019-09",19.818,162.7531,63.0846,29.31655,153.0652,-888.88,9.00555,4.5267,21.1527,1.88085,483.27465,14.6954,66.48845,0.1943,468.99735,14.1907,9.3322,150.3463271145,1215.7291,0.28155,0,6.44855,0.1107,6.25,11.83,43.48
2019,"10","2019-10",76.285,520.5659,207.4427,150.67645,459.0973,-888.88,42.22595,25.78115,95.66795,5.26485,1652.00935,52.54465,337.2104,0,2144.1028,75.4609,60.8163,537.22937223825,3746.65605,7.33515,6.3785,19.22285,0.8044,5.98,10.46,28.83
2019,"11","2019-11",94.602,596.538,222.2217,118.44765,529.2439,-888.88,36.6726,34.5645,106.1842,3.7654,2032.8522,88.0642,398.1999,0,2124.40325,62.351,40.46915,553.47000848775,4367.6883,8.9059,14.3647,18.9204,0.8792,6.03,9.41,21.95
2019,"12","2019-12",114.938,702.28875,251.6477,110.69495,663.5822,-888.88,58.62215,32.05415,138.54925,16.8673,2426.90245,418.40945,376.74495,0,2458.19225,147.94,42.0441,814.748494382,4937.31775,4.74135,0.22675,23.65395,1.5628,5.87,9.4,20.38
2020,"01","2020-01",55.341,363.5531,134.8463,56.8715,318.9083,-888.88,21.10115,11.0682,57.60255,1.84175,1193.2444,255.02705,183.6091,0,955.0684,98.22975,39.46465,409.185528611,2511.33585,2.06625,0,13.54295,0.5938,5.97,9.74,24.05
2020,"02","2020-02",24.907,205.82735,76.75425,31.1162,170.63495,-888.88,6.7475,4.9814,16.5227,0.84635,623.7286,78.2312,86.634,0,355.4229,31.7571,12.8703,246.73046090275,1369.7555,0,0,7.9771,0.117,6.33,11.75,39.02
2020,"03","2020-03",82.514,551.98625,209.38745,86.13875,455.085,-888.88,20.0839,16.5028,73.89795,2.26995,1841.3834,362.14465,272.237,0,1299.31205,131.29305,45.4235,625.94708926025,3754.8974,0,0,19.038,0.6661,6.09,10.17,25.23
2020,"04","2020-04",209.945,1069.15855,373.63735,240.62715,862.35015,-888.88,164.6519,68.2006,319.19685,14.26395,3690.2921,1187.8918,549.44205,0,4786.7571,380.6508,99.1242,1322.5579359775,7416.44955,7.8241,0,41.2955,5.8045,5.56,8.74,8.53
2020,"05","2020-05",158.026,815.6473,285.4842,163.33345,646.9494,-888.88,133.17585,43.2893,224.0231,11.6841,2943.58775,642.7189,441.11505,0,3482.5965,240.6032,77.6038,878.945448679,5862.9791,5.84205,0,27.0302,2.771,5.76,8.53,12.75
